epoch,time,train/box_loss,train/cls_loss,train/dfl_loss,metrics/precision(B),metrics/recall(B),metrics/mAP50(B),metrics/mAP50-95(B),val/box_loss,val/cls_loss,val/dfl_loss,lr/pg0,lr/pg1,lr/pg2
1,29.0384,0.75453,2.43824,0.9268,0.00727,1,0.51237,0.41682,0.65426,2.89309,0.78034,0.000542114,0.000542114,0.000542114
2,39.2851,0.71521,1.47715,0.91469,0.86247,0.28575,0.60426,0.50483,0.74758,2.68826,0.90752,0.00109416,0.00109416,0.00109416
3,48.329,0.65568,1.26105,0.91322,0.91302,0.80375,0.90187,0.75295,0.66746,1.40591,0.85117,0.00164253,0.00164253,0.00164253
4,57.2131,0.67191,1.08358,0.90819,0.9623,0.84061,0.88965,0.74812,0.68104,1.40126,0.85968,0.0016505,0.0016505,0.0016505
5,66.0203,0.64347,1.00311,0.91346,0.89683,0.90298,0.90907,0.77914,0.5225,1.16072,0.81147,0.001645,0.001645,0.001645
6,74.8174,0.58579,0.92918,0.89997,0.93224,0.93152,0.9659,0.8319,0.58092,1.10058,0.86856,0.00163949,0.00163949,0.00163949
7,83.6342,0.56754,0.84089,0.88102,0.97459,0.90011,0.96764,0.82746,0.56858,0.91462,0.8743,0.00163399,0.00163399,0.00163399
8,93.0723,0.55817,0.79656,0.88079,0.96635,0.88601,0.957,0.8332,0.59466,0.87269,0.91287,0.00162849,0.00162849,0.00162849
9,101.914,0.52919,0.73696,0.87993,0.95947,0.9261,0.95981,0.84685,0.48783,0.813,0.87602,0.00162299,0.00162299,0.00162299
10,110.79,0.52017,0.68789,0.87082,0.98,0.92993,0.97573,0.84704,0.52339,0.8582,0.88768,0.00161749,0.00161749,0.00161749
11,119.571,0.52176,0.65951,0.87912,0.97362,0.95149,0.99249,0.87298,0.51246,0.64829,0.8702,0.00161199,0.00161199,0.00161199
12,128.394,0.52647,0.64411,0.88252,0.99601,0.92179,0.98688,0.8745,0.51099,0.60111,0.89248,0.00160649,0.00160649,0.00160649
13,137.26,0.48051,0.58447,0.87706,0.96411,0.92526,0.97605,0.87308,0.47396,0.67606,0.86967,0.00160099,0.00160099,0.00160099
14,146.04,0.47995,0.59192,0.86142,0.98009,0.91968,0.97271,0.86434,0.47492,0.59331,0.88714,0.00159549,0.00159549,0.00159549
15,154.746,0.48848,0.57562,0.86484,0.99199,0.95703,0.99143,0.87365,0.48003,0.56939,0.87858,0.00158998,0.00158998,0.00158998
16,163.513,0.47431,0.54528,0.85918,0.97654,0.95453,0.99321,0.87537,0.47527,0.53299,0.89162,0.00158448,0.00158448,0.00158448
17,172.317,0.47959,0.54188,0.86259,0.9701,0.97665,0.97989,0.86554,0.47624,0.59731,0.89221,0.00157898,0.00157898,0.00157898
18,181.276,0.49449,0.5279,0.86206,0.98096,0.93256,0.99003,0.88423,0.47402,0.52673,0.87899,0.00157348,0.00157348,0.00157348
19,190.272,0.4737,0.51946,0.86785,0.99037,0.95142,0.99279,0.89387,0.4722,0.52554,0.89898,0.00156798,0.00156798,0.00156798
20,199.191,0.49221,0.51593,0.86578,0.92536,0.98211,0.989,0.87555,0.48182,0.54408,0.88684,0.00156248,0.00156248,0.00156248
21,207.99,0.47262,0.49563,0.8649,0.96931,0.99138,0.98961,0.90889,0.50792,0.51064,0.92143,0.00155698,0.00155698,0.00155698
22,216.893,0.47313,0.48646,0.85836,0.93092,0.99138,0.98668,0.88534,0.49825,0.46818,0.897,0.00155148,0.00155148,0.00155148
23,225.834,0.46904,0.45918,0.86189,0.98497,0.93256,0.96688,0.87348,0.47321,0.49819,0.89637,0.00154598,0.00154598,0.00154598
24,234.604,0.46419,0.452,0.86252,0.92394,0.84545,0.92788,0.82512,0.50335,0.61321,0.91008,0.00154047,0.00154047,0.00154047
25,243.317,0.45235,0.44567,0.86211,0.99191,0.96197,0.99183,0.88598,0.50498,0.46702,0.90468,0.00153497,0.00153497,0.00153497
26,252.115,0.44724,0.45134,0.86277,0.98993,0.95335,0.99031,0.88992,0.4754,0.44246,0.89759,0.00152947,0.00152947,0.00152947
27,260.913,0.45587,0.45233,0.85532,0.95689,0.89872,0.98855,0.87737,0.48899,0.56836,0.89563,0.00152397,0.00152397,0.00152397
28,269.785,0.45803,0.44849,0.85766,0.9832,0.98681,0.99269,0.86854,0.4487,0.45967,0.88715,0.00151847,0.00151847,0.00151847
29,278.778,0.45717,0.42906,0.853,0.99513,0.99138,0.99492,0.90219,0.47471,0.41819,0.8767,0.00151297,0.00151297,0.00151297
30,287.956,0.44618,0.43853,0.85779,0.9949,1,0.995,0.91749,0.41621,0.43409,0.86017,0.00150747,0.00150747,0.00150747
31,297.215,0.45562,0.4159,0.85309,0.96182,0.92808,0.97946,0.8703,0.48114,0.62101,0.90113,0.00150197,0.00150197,0.00150197
32,306.984,0.45479,0.43888,0.86269,0.98377,0.96197,0.99091,0.8703,0.49998,0.39242,0.89962,0.00149647,0.00149647,0.00149647
33,316.295,0.45346,0.43173,0.85561,0.98588,0.93902,0.99186,0.88073,0.44491,0.39494,0.86237,0.00149096,0.00149096,0.00149096
34,325.727,0.43563,0.39549,0.85253,0.98523,0.95884,0.98746,0.88852,0.48366,0.42744,0.88343,0.00148546,0.00148546,0.00148546
35,335.298,0.45145,0.42275,0.8602,0.99018,0.99909,0.99492,0.86856,0.47949,0.38761,0.87043,0.00147996,0.00147996,0.00147996
36,344.742,0.4577,0.41098,0.85959,0.97823,0.98901,0.99492,0.90195,0.46224,0.38628,0.87222,0.00147446,0.00147446,0.00147446
37,354.399,0.45272,0.40041,0.85724,0.9873,0.93256,0.98418,0.88774,0.43313,0.39578,0.85971,0.00146896,0.00146896,0.00146896
38,363.74,0.45053,0.39811,0.8544,0.99725,0.95992,0.98618,0.8792,0.42329,0.39526,0.86272,0.00146346,0.00146346,0.00146346
39,372.499,0.45386,0.42984,0.85905,0.97924,0.98997,0.99458,0.87411,0.43683,0.39303,0.85625,0.00145796,0.00145796,0.00145796
40,381.21,0.44782,0.43089,0.85286,0.96775,0.92779,0.96115,0.84019,0.46978,0.43099,0.87867,0.00145246,0.00145246,0.00145246
41,390.007,0.45162,0.41452,0.85664,0.96852,0.93256,0.94926,0.85092,0.46223,0.407,0.88437,0.00144696,0.00144696,0.00144696
42,398.767,0.45341,0.40147,0.86037,0.98431,0.99138,0.99143,0.88865,0.4631,0.35811,0.86679,0.00144145,0.00144145,0.00144145
43,407.56,0.44315,0.39318,0.84848,0.98522,0.93256,0.98683,0.88802,0.44108,0.55581,0.87187,0.00143595,0.00143595,0.00143595
44,416.423,0.44929,0.41127,0.8604,0.98888,0.95886,0.99344,0.90003,0.44062,0.3422,0.89273,0.00143045,0.00143045,0.00143045
45,425.293,0.43411,0.38267,0.8573,0.99392,0.93256,0.96904,0.85916,0.43714,0.43822,0.88318,0.00142495,0.00142495,0.00142495
46,434.144,0.45236,0.40845,0.85277,0.99322,0.93148,0.99036,0.88013,0.42634,0.38007,0.86223,0.00141945,0.00141945,0.00141945
47,442.929,0.42675,0.38473,0.8593,0.95472,1,0.99194,0.90982,0.42218,0.33542,0.87081,0.00141395,0.00141395,0.00141395
48,451.713,0.42024,0.37665,0.85316,0.98166,1,0.995,0.8731,0.46351,0.34802,0.86799,0.00140845,0.00140845,0.00140845
49,460.579,0.40303,0.35973,0.84232,0.98164,1,0.99492,0.88583,0.48446,0.34293,0.88953,0.00140295,0.00140295,0.00140295
50,469.42,0.43026,0.37157,0.85576,0.98939,0.9592,0.99329,0.87446,0.47244,0.35769,0.86687,0.00139745,0.00139745,0.00139745
51,478.242,0.45062,0.35862,0.84989,0.98456,0.96514,0.99338,0.89389,0.44521,0.51434,0.88196,0.00139195,0.00139195,0.00139195
52,487.084,0.42709,0.35132,0.8443,0.95804,0.99138,0.99453,0.89833,0.4386,0.36728,0.86444,0.00138644,0.00138644,0.00138644
53,495.857,0.43608,0.37221,0.85974,0.96974,0.94687,0.99095,0.88328,0.45108,0.38932,0.88088,0.00138094,0.00138094,0.00138094
54,504.677,0.41864,0.35591,0.84123,0.98903,0.98914,0.99466,0.8924,0.45075,0.32465,0.86319,0.00137544,0.00137544,0.00137544
55,513.535,0.42552,0.36703,0.84578,0.99094,0.98848,0.99466,0.90507,0.44532,0.32845,0.8518,0.00136994,0.00136994,0.00136994
56,522.334,0.41675,0.35105,0.8499,0.98726,0.99134,0.99466,0.89226,0.43836,0.32365,0.86837,0.00136444,0.00136444,0.00136444
57,531.144,0.39587,0.33076,0.84916,0.95235,0.97006,0.98718,0.87517,0.45533,0.36341,0.87855,0.00135894,0.00135894,0.00135894
58,539.992,0.41824,0.34822,0.8503,0.98859,0.99069,0.99364,0.90006,0.42561,0.30949,0.86329,0.00135344,0.00135344,0.00135344
59,548.718,0.4114,0.34237,0.84029,0.99447,0.93256,0.99044,0.881,0.42142,0.28782,0.85713,0.00134794,0.00134794,0.00134794
60,557.553,0.42078,0.35037,0.84799,0.9802,0.9964,0.99492,0.87634,0.41203,0.3056,0.85902,0.00134244,0.00134244,0.00134244
61,566.434,0.41393,0.33616,0.84441,0.96766,0.96026,0.99415,0.89157,0.40833,0.33774,0.85196,0.00133693,0.00133693,0.00133693
62,575.225,0.41591,0.35216,0.84142,0.97842,0.99591,0.99406,0.89624,0.43541,0.30761,0.85011,0.00133143,0.00133143,0.00133143
63,584.088,0.40694,0.33059,0.84925,0.98083,1,0.99475,0.89281,0.42656,0.30536,0.85121,0.00132593,0.00132593,0.00132593
64,592.894,0.41066,0.35158,0.84243,0.99001,1,0.995,0.8859,0.4329,0.31321,0.83847,0.00132043,0.00132043,0.00132043
65,601.705,0.42085,0.3392,0.85181,0.98965,0.99502,0.99492,0.90414,0.42099,0.28423,0.85654,0.00131493,0.00131493,0.00131493
66,610.52,0.39759,0.33201,0.85409,0.99151,0.99847,0.99492,0.89277,0.41134,0.31117,0.84236,0.00130943,0.00130943,0.00130943
67,619.354,0.40501,0.35112,0.85205,0.99148,0.98245,0.99492,0.90058,0.38598,0.35057,0.84365,0.00130393,0.00130393,0.00130393
68,628.192,0.41108,0.33648,0.84949,0.9837,1,0.99492,0.9096,0.42048,0.30037,0.8565,0.00129843,0.00129843,0.00129843
69,637.086,0.4194,0.32712,0.85657,0.99151,0.99545,0.99475,0.89954,0.42888,0.35887,0.87272,0.00129293,0.00129293,0.00129293
70,646.434,0.43021,0.3394,0.85944,0.99326,0.96197,0.99344,0.88599,0.46042,0.31341,0.88449,0.00128742,0.00128742,0.00128742
71,655.863,0.41293,0.33866,0.84667,0.96126,0.99777,0.99336,0.88505,0.43268,0.30685,0.85328,0.00128192,0.00128192,0.00128192
72,665.199,0.43571,0.35491,0.8572,0.95067,0.98902,0.99276,0.87234,0.44054,0.35477,0.86004,0.00127642,0.00127642,0.00127642
73,674.592,0.43323,0.34637,0.85063,0.98938,0.98567,0.99449,0.90076,0.40047,0.31572,0.84687,0.00127092,0.00127092,0.00127092
74,683.967,0.41896,0.32896,0.85754,0.98737,1,0.99492,0.91025,0.40828,0.30055,0.85693,0.00126542,0.00126542,0.00126542
75,693.428,0.41276,0.32314,0.84287,0.98492,0.9974,0.99492,0.91298,0.42877,0.28241,0.85759,0.00125992,0.00125992,0.00125992
76,702.848,0.39439,0.32279,0.84108,0.9848,0.95622,0.99284,0.90466,0.39923,0.30484,0.847,0.00125442,0.00125442,0.00125442
77,712.172,0.42076,0.32882,0.84853,0.98426,0.97114,0.99387,0.90656,0.43586,0.33586,0.8707,0.00124892,0.00124892,0.00124892
78,721.702,0.41524,0.33057,0.85275,0.98895,0.99758,0.99492,0.90547,0.42222,0.30814,0.87273,0.00124342,0.00124342,0.00124342
79,731.175,0.41362,0.32537,0.84596,0.96463,0.99114,0.99433,0.90246,0.43492,0.33026,0.88037,0.00123791,0.00123791,0.00123791
80,740.483,0.41419,0.33762,0.84686,0.99042,0.99763,0.99475,0.91835,0.41446,0.31305,0.87719,0.00123241,0.00123241,0.00123241
81,749.84,0.38477,0.32201,0.83947,0.99632,0.99138,0.99492,0.89713,0.42049,0.29173,0.86933,0.00122691,0.00122691,0.00122691
82,759.235,0.39817,0.33272,0.84666,0.99772,0.99138,0.99146,0.90217,0.40414,0.30124,0.86832,0.00122141,0.00122141,0.00122141
83,768.611,0.37859,0.3238,0.84692,0.99802,0.98965,0.99,0.90284,0.42489,0.29587,0.87548,0.00121591,0.00121591,0.00121591
84,778.069,0.39722,0.32705,0.84294,0.99306,0.99138,0.99483,0.9224,0.42234,0.29168,0.85539,0.00121041,0.00121041,0.00121041
85,787.482,0.42045,0.32685,0.8431,0.99205,0.99138,0.99182,0.87975,0.47875,0.37823,0.87569,0.00120491,0.00120491,0.00120491
86,796.281,0.41626,0.33008,0.84532,0.97819,0.99138,0.99429,0.89439,0.43928,0.33191,0.85504,0.00119941,0.00119941,0.00119941
87,805.046,0.40236,0.32089,0.84277,0.97797,0.99015,0.99372,0.90959,0.4166,0.30945,0.87002,0.00119391,0.00119391,0.00119391
88,813.826,0.40249,0.31551,0.83884,0.97789,0.99138,0.9935,0.91394,0.39919,0.28927,0.84528,0.0011884,0.0011884,0.0011884
89,822.67,0.3987,0.31097,0.8453,0.98678,0.99138,0.99372,0.91197,0.40366,0.26567,0.84504,0.0011829,0.0011829,0.0011829
90,831.559,0.38541,0.30478,0.84424,0.9867,0.98906,0.9946,0.9034,0.45073,0.25832,0.87862,0.0011774,0.0011774,0.0011774
91,840.345,0.41716,0.31892,0.84091,0.98375,0.98896,0.99475,0.90415,0.39797,0.2811,0.8461,0.0011719,0.0011719,0.0011719
92,851.004,0.40887,0.31999,0.84903,0.98108,0.98336,0.99372,0.91806,0.42076,0.29818,0.85909,0.0011664,0.0011664,0.0011664
93,860.004,0.3948,0.30258,0.84144,0.98561,0.98987,0.99305,0.91852,0.40436,0.27152,0.86427,0.0011609,0.0011609,0.0011609
94,868.752,0.39002,0.29772,0.84449,0.98384,0.98944,0.99355,0.90794,0.40719,0.27829,0.85436,0.0011554,0.0011554,0.0011554
95,877.575,0.39553,0.30836,0.83569,0.98675,0.99138,0.99475,0.92031,0.41491,0.27793,0.85183,0.0011499,0.0011499,0.0011499
96,886.336,0.39331,0.32549,0.84314,0.98615,0.99138,0.99387,0.91408,0.40859,0.29083,0.85996,0.0011444,0.0011444,0.0011444
97,895.086,0.38675,0.32554,0.8445,0.9865,0.99049,0.99408,0.90781,0.41334,0.28131,0.85446,0.00113889,0.00113889,0.00113889
98,903.838,0.36874,0.30445,0.84042,0.98956,0.99138,0.99433,0.92401,0.3732,0.26828,0.8401,0.00113339,0.00113339,0.00113339
99,912.714,0.36845,0.29527,0.83659,0.99158,0.97971,0.99218,0.91509,0.40221,0.29752,0.85041,0.00112789,0.00112789,0.00112789
100,921.481,0.38425,0.30443,0.84225,0.99258,0.96639,0.99279,0.90348,0.39823,0.37222,0.84924,0.00112239,0.00112239,0.00112239
101,930.295,0.40544,0.30599,0.84204,0.98787,0.99097,0.99387,0.90959,0.38396,0.2821,0.84702,0.00111689,0.00111689,0.00111689
102,939.097,0.38591,0.29507,0.84337,0.95398,0.98808,0.99256,0.90845,0.37794,0.2934,0.84549,0.00111139,0.00111139,0.00111139
103,947.848,0.37678,0.29699,0.84771,0.98487,0.96863,0.99362,0.88719,0.3637,0.29586,0.84432,0.00110589,0.00110589,0.00110589
104,956.667,0.36374,0.28816,0.83673,0.98929,0.94747,0.99095,0.89153,0.40272,0.29556,0.8487,0.00110039,0.00110039,0.00110039
105,965.47,0.37691,0.2919,0.82392,0.98252,0.95922,0.99253,0.8968,0.40506,0.26765,0.8561,0.00109489,0.00109489,0.00109489
106,974.284,0.38221,0.28745,0.83532,0.99637,0.92732,0.99052,0.88771,0.39578,0.28773,0.85156,0.00108938,0.00108938,0.00108938
107,983.074,0.38579,0.30172,0.83838,0.99553,0.96197,0.99337,0.9132,0.41535,0.25524,0.85369,0.00108388,0.00108388,0.00108388
108,991.929,0.38125,0.28898,0.84683,0.99368,0.96197,0.99344,0.90929,0.40962,0.2683,0.86611,0.00107838,0.00107838,0.00107838
109,1000.84,0.38997,0.29134,0.83925,0.99354,0.96197,0.98754,0.91112,0.4048,0.34979,0.85739,0.00107288,0.00107288,0.00107288
110,1009.71,0.40182,0.30406,0.83696,0.99639,0.96084,0.99211,0.89403,0.43629,0.28719,0.88427,0.00106738,0.00106738,0.00106738
111,1018.51,0.39533,0.29865,0.84009,0.99452,0.99138,0.99397,0.89638,0.40814,0.24774,0.85983,0.00106188,0.00106188,0.00106188
112,1027.21,0.40238,0.3124,0.84212,0.98649,0.99138,0.99414,0.9208,0.39979,0.25679,0.8538,0.00105638,0.00105638,0.00105638
113,1035.95,0.37671,0.2952,0.83955,0.98255,0.99138,0.9946,0.9397,0.39984,0.24625,0.8529,0.00105088,0.00105088,0.00105088
114,1044.66,0.40047,0.30541,0.84573,0.99032,0.99639,0.99492,0.91934,0.39503,0.23965,0.84165,0.00104538,0.00104538,0.00104538
115,1053.38,0.38694,0.28812,0.84027,0.98794,0.98884,0.99209,0.89839,0.41811,0.27531,0.85073,0.00103987,0.00103987,0.00103987
116,1062.11,0.37896,0.30476,0.8456,0.99026,0.97933,0.99157,0.88388,0.3845,0.31489,0.84851,0.00103437,0.00103437,0.00103437
117,1071.12,0.38616,0.30436,0.8407,0.9829,0.97434,0.99088,0.90633,0.40676,0.32202,0.84939,0.00102887,0.00102887,0.00102887
118,1079.83,0.38113,0.29563,0.84044,0.97117,0.96197,0.98999,0.89514,0.40933,0.37237,0.85468,0.00102337,0.00102337,0.00102337
119,1088.65,0.40118,0.30476,0.84503,0.98781,0.96197,0.99004,0.89153,0.38218,0.31507,0.84205,0.00101787,0.00101787,0.00101787
120,1097.36,0.37124,0.29221,0.84228,0.97765,0.96501,0.99132,0.90883,0.41699,0.47509,0.8603,0.00101237,0.00101237,0.00101237
121,1106.17,0.38024,0.29487,0.83719,0.99418,0.96197,0.98469,0.89856,0.43616,0.33712,0.86229,0.00100687,0.00100687,0.00100687
122,1114.95,0.39216,0.30794,0.84355,0.9837,0.98717,0.99291,0.90391,0.40256,0.27941,0.85876,0.00100137,0.00100137,0.00100137
123,1123.71,0.37945,0.30222,0.83816,0.98357,0.9781,0.99354,0.9094,0.41791,0.30077,0.85333,0.000995866,0.000995866,0.000995866
124,1132.75,0.38582,0.29508,0.83743,0.98644,0.9911,0.99211,0.92355,0.37902,0.25603,0.84048,0.000990365,0.000990365,0.000990365
125,1141.79,0.37324,0.29017,0.8369,0.9828,0.98885,0.99282,0.89879,0.38438,0.25012,0.84066,0.000984864,0.000984864,0.000984864
126,1150.58,0.36369,0.2885,0.83662,0.98419,0.98933,0.9933,0.90638,0.39387,0.26812,0.83942,0.000979362,0.000979362,0.000979362
127,1159.47,0.37235,0.28077,0.831,0.99667,0.96027,0.99118,0.91361,0.39643,0.26398,0.85401,0.000973861,0.000973861,0.000973861
128,1169.93,0.39132,0.29358,0.84307,0.98223,0.98267,0.99403,0.91635,0.40521,0.25862,0.85411,0.00096836,0.00096836,0.00096836
129,1179.67,0.37276,0.28321,0.83969,0.98605,0.96091,0.9928,0.90733,0.39615,0.25445,0.8481,0.000962859,0.000962859,0.000962859
130,1189.4,0.364,0.27735,0.83148,0.98572,0.9598,0.99275,0.91237,0.39055,0.27442,0.84451,0.000957358,0.000957358,0.000957358
131,1290.53,0.36788,0.27678,0.84232,0.98381,0.95744,0.9927,0.91121,0.39885,0.30873,0.85789,0.000951857,0.000951857,0.000951857
132,1303.24,0.37036,0.28739,0.83298,0.98573,0.96197,0.98857,0.89019,0.38953,0.27516,0.84839,0.000946356,0.000946356,0.000946356
133,1313.46,0.37265,0.28164,0.84966,0.98612,0.99052,0.99333,0.90609,0.38026,0.24534,0.84108,0.000940855,0.000940855,0.000940855
134,1323.67,0.37394,0.2843,0.83588,0.98707,0.99138,0.99392,0.90109,0.41455,0.25703,0.85678,0.000935354,0.000935354,0.000935354
135,1333.83,0.36173,0.2667,0.83404,0.99248,0.98994,0.99453,0.89887,0.39788,0.2372,0.84269,0.000929853,0.000929853,0.000929853
136,1343.93,0.35899,0.29602,0.84037,0.99477,0.99138,0.99483,0.91268,0.3788,0.24779,0.82984,0.000924352,0.000924352,0.000924352
137,1354.1,0.36203,0.28366,0.83476,0.99131,0.93256,0.98633,0.90036,0.38621,0.25285,0.84094,0.00091885,0.00091885,0.00091885
138,1364.24,0.36296,0.28774,0.83578,0.99496,0.93256,0.97484,0.89236,0.38278,0.29502,0.83314,0.000913349,0.000913349,0.000913349
139,1374.44,0.37147,0.29086,0.83938,0.98436,0.99024,0.9946,0.91672,0.38134,0.24545,0.83531,0.000907848,0.000907848,0.000907848
140,1384.48,0.36868,0.28003,0.83095,0.97245,0.97986,0.99475,0.91099,0.39937,0.26163,0.84112,0.000902347,0.000902347,0.000902347
141,1394.76,0.37564,0.28382,0.82364,0.98406,0.95991,0.98261,0.90339,0.39182,0.26245,0.84469,0.000896846,0.000896846,0.000896846
142,1404.69,0.35995,0.28449,0.8372,0.98923,0.99013,0.99483,0.907,0.37349,0.23562,0.83951,0.000891345,0.000891345,0.000891345
143,1414.6,0.36442,0.28035,0.83084,0.9887,0.99138,0.99453,0.92285,0.36928,0.24873,0.84859,0.000885844,0.000885844,0.000885844
144,1424.7,0.36218,0.27954,0.83662,0.98404,0.98989,0.99446,0.91385,0.39153,0.25186,0.84565,0.000880343,0.000880343,0.000880343
145,1434.71,0.37128,0.27798,0.83316,0.99207,0.97934,0.99248,0.90887,0.39376,0.25274,0.83978,0.000874842,0.000874842,0.000874842
146,1444.76,0.36854,0.27328,0.83939,0.99186,0.98112,0.99204,0.91822,0.38803,0.2793,0.84423,0.00086934,0.00086934,0.00086934
147,1454.74,0.36354,0.27961,0.83624,0.98988,0.99798,0.99492,0.91202,0.4082,0.25429,0.85337,0.000863839,0.000863839,0.000863839
148,1464.72,0.35869,0.27562,0.84235,0.9915,0.99706,0.99492,0.9047,0.41495,0.24362,0.86313,0.000858338,0.000858338,0.000858338
149,1474.94,0.35993,0.28084,0.82982,0.98405,0.981,0.9942,0.90704,0.38985,0.2521,0.84806,0.000852837,0.000852837,0.000852837
150,1485.05,0.35982,0.26735,0.83559,0.98491,0.98971,0.99,0.90861,0.39181,0.2623,0.83931,0.000847336,0.000847336,0.000847336
151,1495.01,0.34205,0.2755,0.82503,0.98982,0.97571,0.99349,0.9135,0.40866,0.27214,0.85198,0.000841835,0.000841835,0.000841835
152,1505.04,0.36651,0.2897,0.83694,0.98409,0.98471,0.99403,0.90773,0.36934,0.24586,0.84514,0.000836334,0.000836334,0.000836334
153,1515.02,0.34759,0.26185,0.82714,0.98452,0.98954,0.99414,0.90648,0.38591,0.24332,0.8462,0.000830833,0.000830833,0.000830833
154,1524.82,0.36927,0.26608,0.84045,0.98402,0.98775,0.99403,0.91119,0.39601,0.24186,0.8567,0.000825332,0.000825332,0.000825332
155,1534.95,0.36555,0.26645,0.84401,0.9836,0.98946,0.99363,0.9163,0.3847,0.2446,0.85753,0.000819831,0.000819831,0.000819831
156,1544.99,0.3614,0.26284,0.8251,0.98267,0.988,0.9929,0.91899,0.39878,0.25503,0.8576,0.000814329,0.000814329,0.000814329
157,1554.98,0.34106,0.25656,0.83549,0.99221,0.98974,0.9923,0.90773,0.38683,0.25199,0.84581,0.000808828,0.000808828,0.000808828
158,1565.13,0.35402,0.26294,0.82177,0.9837,0.9893,0.99299,0.91654,0.38418,0.25069,0.84726,0.000803327,0.000803327,0.000803327
159,1575.13,0.34356,0.2547,0.82829,0.98861,0.96197,0.98861,0.91685,0.38161,0.25767,0.85063,0.000797826,0.000797826,0.000797826
160,1585.18,0.35527,0.25201,0.8275,0.98355,0.98934,0.99,0.9208,0.37009,0.25168,0.84088,0.000792325,0.000792325,0.000792325
161,1595.14,0.37221,0.28119,0.83111,0.97923,0.9898,0.99,0.92207,0.37891,0.25103,0.84391,0.000786824,0.000786824,0.000786824
162,1605.3,0.35766,0.25287,0.82195,0.98437,0.99034,0.99,0.92265,0.37313,0.25932,0.83938,0.000781323,0.000781323,0.000781323
163,1615.33,0.37228,0.27053,0.83049,0.9903,0.98963,0.99,0.91278,0.3617,0.25414,0.83293,0.000775822,0.000775822,0.000775822
